"route","type","data_source","content_status","legacy_decision","production_action"
"/","home","src/data/site.mjs","prototype; facts and media metadata require verification","pending legacy inventory","replace unverified content and approve canonical domain"
"/about/","page","src/data/pages.mjs","prototype; partial copy only","preserve frontend route","verify history, names and claims against official source"
"/about/history/","preserved thematic page","src/data/pages.mjs","structure-only; official materials absent","preserve route from prior information architecture","import verified chronology, sources and media"
"/about/alumni/","preserved thematic page","src/data/pages.mjs","structure-only; official materials absent","preserve route from prior information architecture","import verified alumni records and publication grounds"
"/about/pride/","preserved thematic page","src/data/pages.mjs","structure-only; official materials absent","preserve route from prior information architecture","import verified names, achievements and media rights"
"/about/independent-quality-assessment/","institutional page","src/data/pages.mjs + src/data/site.mjs","structure-only; official materials absent","preserve separately from mandatory sveden subsections","import current official results, reports and source links"
"/about/research/","institutional page","src/data/pages.mjs + src/data/site.mjs","structure-only; official materials absent","preserve separately from mandatory sveden subsections","publish only verified applicable materials"
"/about/recreation-base/","institutional page","src/data/pages.mjs + src/data/site.mjs","structure-only; official materials absent","preserve separately from mandatory sveden subsections","verify applicability and import official address, rules and documents"
"/education/","education index","src/data/pages.mjs + src/data/programs.mjs","prototype; program details incomplete","preserve frontend route","import verified program details and supporting documents"
"/admission/","admission index","src/data/pages.mjs","prototype; no current-year official requirements","preserve frontend route","import approved current-campaign information"
"/admission/rules/","preserved admission page","src/data/pages.mjs","structure-only; official materials absent","preserve route from prior information architecture","import approved rules with requisites and update date"
"/admission/commission-hours/","preserved admission page","src/data/pages.mjs","structure-only; official materials absent","preserve route from prior information architecture","import current dates, hours and verified contacts"
"/admission/results/","preserved admission page","src/data/pages.mjs","structure-only; official materials absent","preserve route from prior information architecture","publish approved results with personal-data review"
"/admission/information/","preserved admission page","src/data/pages.mjs","structure-only; official materials absent","preserve route from prior information architecture","import approved current-campaign documents and deadlines"
"/students/","students index","src/data/pages.mjs","prototype; schedules and files absent","preserve frontend route","import verified student information and documents"
"/students/e-journal/","preserved student page","src/data/pages.mjs","structure-only; official link absent","preserve route from prior information architecture","verify target system and access rules before linking"
"/students/schedule/","preserved student page","src/data/pages.mjs","structure-only; official schedule absent","preserve route from prior information architecture","import current schedule with update date"
"/students/vpr/","preserved student page","src/data/pages.mjs","structure-only; applicability and materials unverified","preserve route from prior information architecture","confirm applicability and import official materials"
"/students/vsosh/","preserved student page","src/data/pages.mjs","structure-only; applicability and materials unverified","preserve route from prior information architecture","confirm applicability and import official sources"
"/students/ege/","preserved student page","src/data/pages.mjs","structure-only; applicability and materials unverified","preserve route from prior information architecture","confirm applicability and import official current-year sources"
"/students/oge/","preserved student page","src/data/pages.mjs","structure-only; applicability and materials unverified","preserve route from prior information architecture","confirm applicability and import official current-year sources"
"/students/psychological-service/","institutional page","src/data/pages.mjs + src/data/site.mjs","structure-only; staff and contacts absent","preserve separately from mandatory sveden subsections","import only officially approved staff, contacts and materials"
"/students/employment/","institutional page","src/data/pages.mjs + src/data/site.mjs","structure-only; official materials absent","preserve separately from mandatory sveden subsections","import verified services, vacancies and reporting data"
"/students/educational-work/","institutional page","src/data/pages.mjs + src/data/site.mjs","structure-only; official materials absent","preserve separately from mandatory sveden subsections","import approved plans, events and documents"
"/news/","news index","src/data/news.mjs","source-linked summaries; bodies, authors and provenance incomplete","preserve frontend route","map each source to CMS record and approve canonical routes"
"/events/","event index","src/data/pages.mjs + src/data/events.mjs","prototype; structured event collection empty","preserve frontend route","import verified event records"
"/events/concerts/","preserved event page","src/data/pages.mjs","structure-only; official events absent","preserve route from prior information architecture","connect approved CMS event records"
"/events/competitions/","preserved event page","src/data/pages.mjs","structure-only; official materials absent","preserve route from prior information architecture","import approved rules, deadlines and results"
"/gallery/","gallery page","src/data/pages.mjs + src/data/site.mjs","prototype; media rights and metadata incomplete","preserve frontend route","approve media rights, authors, captions and alt text"
"/documents/","document index","src/data/pages.mjs + src/data/documents.mjs","template titles only; files and metadata absent","preserve frontend route","import verified files, requisites, dates and accessibility status"
"/creative-industries/","additional education program","src/data/pages.mjs + src/data/programs.mjs","prototype; details require verification","preserve within education","verify program facts and supporting documents"
"/ballet-for-all/","additional education program","src/data/pages.mjs + src/data/programs.mjs","prototype; details require verification","preserve within education","verify program facts and supporting documents"
"/additional-education/children/","preserved education page","src/data/pages.mjs","structure-only; approved programs absent","preserve route from prior information architecture","import approved programs, conditions and schedule"
"/additional-education/adults/","preserved education page","src/data/pages.mjs","structure-only; approved programs absent","preserve route from prior information architecture","import approved programs, conditions, schedule and fees"
"/education/professional-standards/","institutional page","src/data/pages.mjs + src/data/site.mjs","structure-only; applicable standards unverified","preserve separately from mandatory sveden subsections","verify applicability and import official sources"
"/culture-for-schoolchildren/","preserved project page","src/data/pages.mjs","structure-only; official materials absent","preserve route from prior information architecture","import verified project materials and source links"
"/culture-for-schoolchildren/roadmap/","preserved project page","src/data/pages.mjs","structure-only; official file absent","preserve route from prior information architecture","import current roadmap with requisites and accessible file"
"/culture-for-schoolchildren/recommendations/","preserved project page","src/data/pages.mjs","structure-only; official files absent","preserve route from prior information architecture","import verified recommendations with requisites"
"/culture-for-schoolchildren/mentors/","preserved project page","src/data/pages.mjs","structure-only; personal data absent","preserve route from prior information architecture","import approved records after personal-data review"
"/culture-for-schoolchildren/actions/","preserved project page","src/data/pages.mjs","structure-only; current actions absent","preserve route from prior information architecture","import verified current actions and official links"
"/resources/","preserved resources index","src/data/pages.mjs","structure-only; verified links absent","preserve route from prior information architecture","import reviewed first-party and external resources"
"/resources/ballet-buryatia-dictionary/","preserved resource page","src/data/pages.mjs","structure-only; verified file or link absent","preserve route from prior information architecture","verify source and rights before publishing resource"
"/safety/","institutional page","src/data/pages.mjs + src/data/site.mjs","structure-only; official public materials absent","preserve separately from mandatory sveden subsections","import approved public materials without protected information"
"/documents/sout/","separate statutory page","src/data/pages.mjs + src/data/site.mjs","structure-only; approved СОУТ reports absent","preserve outside mandatory sveden subsections","import approved summary data and measures with report and publication dates"
"/anti-corruption/","institutional page","src/data/pages.mjs + src/data/site.mjs","structure-only; official materials absent","preserve separately from mandatory sveden subsections","import legally reviewed acts, channels and contacts"
"/faq/","institutional page","src/data/pages.mjs + src/data/site.mjs","structure-only; approved answers absent","preserve separately from mandatory sveden subsections","import editor-approved answers linked to current sources"
"/sitemap/","server-rendered site map","src/data/pages.mjs + src/data/site.mjs","route complete; reflects primary navigation hierarchy","preserve frontend route","keep synchronized with public navigation and route validation"
"/contacts/","contacts page","src/data/pages.mjs + src/data/site.mjs","prototype; contact data requires owner confirmation","preserve frontend route","confirm every address, phone and email"
"/privacy/","legal template","src/data/pages.mjs","not an approved local act","preserve frontend route","replace only after legal approval"
"/consent/","legal template","src/data/pages.mjs","not an approved consent text","preserve frontend route","replace per each real data-processing purpose"
"/accessibility/","accessibility page","src/data/pages.mjs","prototype statement; final audit not completed","preserve frontend route","update with verified statement, contacts and audit results"
"/sveden/","mandatory information index","src/data/pages.mjs + src/data/sveden.mjs","route complete; factual content absent","preserve route","import verified mandatory fields and documents"
"/sveden/common/","mandatory subsection","src/data/sveden.mjs + src/data/pages.mjs","structure-only; factual content absent","preserve route","import verified fields, source and update date"
"/sveden/struct/","mandatory subsection","src/data/sveden.mjs + src/data/pages.mjs","structure-only; factual content absent","preserve route","import verified fields, source and update date"
"/sveden/document/","mandatory subsection","src/data/sveden.mjs + src/data/pages.mjs","structure-only; files and factual content absent","preserve route","import verified documents, metadata and update date"
"/sveden/education/","mandatory subsection","src/data/sveden.mjs + src/data/pages.mjs","structure-only; factual content absent","preserve route","import verified fields, source and update date"
"/sveden/eduStandarts/","mandatory subsection","src/data/sveden.mjs + src/data/pages.mjs","structure-only; standards and files absent","preserve exact case-sensitive path","import verified standards, files and update date"
"/sveden/managers/","mandatory subsection","src/data/sveden.mjs + src/data/pages.mjs","structure-only; management records absent","preserve route separately from pedagogical staff","import verified management records and update date"
"/sveden/employees/","mandatory subsection","src/data/sveden.mjs + src/data/pages.mjs","structure-only; pedagogical staff records absent","preserve route separately from management","import verified pedagogical staff records and update date"
"/sveden/objects/","mandatory combined subsection","src/data/sveden.mjs + src/data/pages.mjs","structure-only; factual content and documents absent","preserve as combined material-resources and accessibility route","map verified fields and documents under current order No. 1493 including order No. 920 amendments"
"/sveden/grants/","mandatory subsection","src/data/sveden.mjs + src/data/pages.mjs","structure-only; factual content absent","preserve route","import verified fields, documents and update date"
"/sveden/paid_edu/","mandatory subsection","src/data/sveden.mjs + src/data/pages.mjs","structure-only; factual content absent","preserve route","import verified fields, documents and update date"
"/sveden/budget/","mandatory subsection","src/data/sveden.mjs + src/data/pages.mjs","structure-only; factual content absent","preserve route","import verified fields, documents and update date"
"/sveden/vacant/","mandatory subsection","src/data/sveden.mjs + src/data/pages.mjs","structure-only; factual content absent","preserve route","import verified fields, source and update date"
"/sveden/catering/","mandatory subsection","src/data/sveden.mjs + src/data/pages.mjs","structure-only; factual content absent","preserve route","import verified fields, source and update date"
"/sveden/inter/","mandatory subsection","src/data/sveden.mjs + src/data/pages.mjs","structure-only; factual content absent","preserve route","import verified fields, source and update date"
"/sveden/ovz/","legacy sveden address","src/data/sveden.mjs + src/data/pages.mjs","legacy compatibility page; points to combined objects route","preserve address but do not classify as mandatory subsection","keep content aligned to /sveden/objects/ and define redirect policy after legacy audit"
"/news/scenicheskiy-kostyum/","news article","src/data/news.mjs","source-linked; body null; source points to official-site root","temporary redesign slug; mapping pending","resolve exact source permalink, migrate body and approve canonical or redirect"
"/news/gala-koncert-2026/","news article","src/data/news.mjs","source-linked; body null; source points to official-site root","temporary redesign slug; mapping pending","resolve exact source permalink, migrate body and approve canonical or redirect"
"/news/balet-na-baikale/","news article","src/data/news.mjs","source-linked; body null; source points to official-site root","temporary redesign slug; mapping pending","resolve exact source permalink, migrate body and approve canonical or redirect"
"/news/shki-nabor/","news article","src/data/news.mjs","source-linked; body null; direct official source recorded","temporary redesign slug; mapping pending","migrate body and media and approve canonical or redirect"
"/news/altargana-2026/","news article","src/data/news.mjs","source-linked; body null; source points to official-site root","temporary redesign slug; mapping pending","resolve exact source permalink, migrate body and approve canonical or redirect"
"/news/master-klass-po-valsu/","news article","src/data/news.mjs","source-linked; body null; direct official source recorded","temporary redesign slug; mapping pending","migrate body and media and approve canonical or redirect"
